Name,Term,ES,NES,NOM p-val,FDR q-val,FWER p-val,Tag %,Gene %,Lead_genes
prerank,MSigDB_Hallmark_2020__mTORC1 Signaling,0.6420519575754771,2.4013360722900696,0.0,0.0,0.0,118/195,15.43%,STARD4;CTSC;ENO1;PSAT1;TFRC;TPI1;SLC2A1;PGK1;NFIL3;ATP2A2;TUBA4A;ACTR3;PDK1;NAMPT;CD9;ME1;GCLC;SLC7A11;LDLR;FADS1;HMGCS1;G6PD;NFKBIB;SHMT2;TXNRD1;SLC7A5;PITPNB;GAPDH;CDKN1A;GPI;FDXR;EBP;DDIT4;EIF2S2;ADD3;MCM2;SKAP2;BCAT1;TOMM40;SC5D;PNO1;HMBS;DDX39A;RPN1;SLC2A3;PPP1R15A;DDIT3;SDF2L1;M6PR;RIT1;SLC1A5;ASNS;PSMD14;PDAP1;MLLT11;GSR;P4HA1;SLC6A6;TES;HPRT1;LDHA;PSPH;PSMC4;DHCR7;CYB5B;CALR;POLR3G;PSME3;RRM2;PLOD2;PLK1;SRD5A1;EGLN3;PSMC2;HK2;NMT1;PNP;ABCF2;BUB1;IDH1;IFI30;ARPC5L;IFRD1;CFP;PSMA4;NUP205;AURKA;MAP2K3;PSMG1;PFKL;CDC25A;GMPS;LTA4H;HMGCR;YKT6;PSMB5;RPA1;RAB1A;ACTR2;GOT1;PSMA3;DAPP1;TUBG1;STIP1;SQLE;CCT6A;HSP90B1;PHGDH;PSMC6;SERPINH1;PRDX1;RRP9;VLDLR;UNG;PPIA;CYP51A1;LGMN;FKBP2
prerank,MSigDB_Hallmark_2020__TNF-alpha Signaling via NF-kB,0.6215350024218984,2.332083419457789,0.0,0.0,0.0,118/198,18.07%,CXCL1;IL1A;LAMB3;CCL20;SGK1;ETS2;CXCL6;FOSL1;PTGS2;CXCL3;BTG3;BMP2;CSF2;TNFSF9;SERPINB2;HBEGF;NFE2L2;SAT1;JAG1;NFIL3;F3;RNF19B;NAMPT;IL6;CXCL2;ACKR3;SOCS3;MXD1;F2RL1;IL23A;LDLR;TNFAIP3;VEGFA;SMAD3;SERPINB8;BCL2A1;SERPINE1;GADD45A;FOSL2;IL1B;CEBPD;CDKN1A;IL15RA;TNFAIP8;ZC3H12A;SPSB1;ICAM1;PHLDA1;MAFF;PLAUR;KLF4;B4GALT5;IL18;RELB;SOD2;LIF;SLC2A6;SLC2A3;PPP1R15A;IL7R;BCL6;TNIP2;EIF1;PLAU;TNFRSF9;YRDC;PTGER4;TRIP10;NFKBIA;KYNU;CCNL1;ABCA1;PHLDA2;TNFAIP2;JUNB;CD44;TLR2;BTG1;TGIF1;MSC;PER1;ATP2B1;DUSP2;TAP1;TIPARP;EDN1;MYC;CCL4;DRAM1;ATF3;FUT4;MAP2K3;BCL3;ZFP36;CCL2;CD83;DNAJB4;MARCKS;PANX1;MAP3K8;CD80;GCH1;SPHK1;IRF1;KDM6B;CLCF1;CEBPB;NFKB2;CFLAR;NFKBIE;RELA;CCL5;NR4A3;TNC;PNRC1;TRAF1;IER5;BIRC3
prerank,MSigDB_Hallmark_2020__Inflammatory Response,0.6182757250446458,2.3091465419095636,0.0,0.0,0.0,84/199,10.81%,ROS1;CXCL8;IL1A;LAMP3;GNA15;CCL20;CXCL6;MET;ADM;ADORA2B;KCNMB2;HIF1A;ICAM4;CCL24;TNFSF9;FZD5;CSF3;CHST2;HBEGF;CD40;LYN;ATP2A2;F3;NAMPT;MARCO;IL6;PVR;MXD1;LDLR;AQP9;PROK2;SERPINE1;ADRM1;OSMR;IL1B;AHR;MEFV;PDPN;ATP2C1;CDKN1A;KCNJ2;IL15RA;DCBLD2;ICAM1;PLAUR;ITGB8;IL18;LIF;IL18RAP;IL18R1;IL7R;CD82;BDKRB1;GPC3;MEP1A;IRAK2;OPRK1;TNFRSF9;ABI1;PTGER4;NFKBIA;ABCA1;CCL7;OSM;SLC7A1;FPR1;TLR2;SLC4A4;EREG;BEST1;ATP2B1;IL4R;C5AR1;IL15;CX3CL1;HAS2;EDN1;CXCR6;MYC;PTAFR;RHOG;SEMA4D;PTGIR;LCK
prerank,MSigDB_Hallmark_2020__Estrogen Response Early,-0.5787217565651633,-2.260699568713841,0.0,0.0,0.0,78/196,8.46%,MAPT;AR;GREB1;TTC39A;NPY1R;PDZK1;XBP1;GFRA1;ANXA9;SLC39A6;TFF1;PEX11A;PGR;IL17RB;RET;SLC22A5;IL6ST;KCNK15;DEPTOR;TOB1;MYB;MLPH;KDM4B;ADCY1;ASB13;TJP3;RARA;ELOVL5;SYT12;FLNB;SLC19A2;ABAT;CXCL12;BCL2;STC2;CISH;CHPT1;REEP1;TFF3;SEC14L2;TMPRSS3;THSD4;SLC7A2;PODXL;CANT1;SYBU;ELOVL2;FARP1;FASN;LRIG1;MYBL1;RAB17;WWC1;OLFML3;MED13L;ARL3;WFS1;SLC24A3;SLC37A1;INHBB;NRIP1;DHRS2;AMFR;OVOL2;KRT18;SH3BP5;FKBP4;FAM102A;TBC1D30;PRSS23;CA12;ITPK1;MUC1;CCND1;GAB2;AFF1;SCARB1;UGCG
prerank,MSigDB_Hallmark_2020__E2F Targets,0.6065115145850628,2.2478336344983667,0.0,0.0,0.0,123/195,19.20%,TFRC;HMGA1;MCM5;CDC25B;LBR;PHF5A;RANBP1;LYAR;POLD1;BRMS1L;RAN;CHEK2;UBE2S;CTPS1;CDKN1A;CIT;NCAPD2;TRA2B;CENPM;MCM2;SNRPB;XRCC6;CDK4;CCNE1;ORC6;GINS3;TRIP13;PTTG1;MCM7;DDX39A;SRSF2;AURKB;KIF18B;DEK;RAD1;RAD51AP1;SMC4;TK1;TBRG4;POLE4;CCNB2;MMS22L;MYBL2;BIRC5;TACC3;RRM2;CDC20;PSMC3IP;PLK1;HUS1;SSRP1;CHEK1;ANP32E;HMGB3;NOP56;TIMELESS;MYC;POLA2;SMC6;RFC2;CDCA3;POLD2;CDCA8;HELLS;PRPS1;NUP205;AURKA;TMPO;CDC25A;CDK1;CDKN3;KIF2C;POP7;DLGAP5;MAD2L1;XPO1;RACGAP1;PRIM2;RPA1;CKS1B;ESPL1;GINS1;SLBP;BUB1B;DIAPH3;MELK;PCNA;E2F8;TUBG1;DEPDC1;SPC24;GINS4;TIPIN;TUBB;SUV39H1;TCF19;PRDX4;ILF3;CKS2;UNG;EED;ASF1B;PA2G4;DUT;DCK;SPAG5;SPC25;STMN1;RNASEH2A;EZH2;HMMR;KPNA2;DSCC1;NASP;ASF1A;KIF4A;MKI67;BRCA1;PLK4;EXOSC8;NUP153;MTHFD2;TOP2A
prerank,MSigDB_Hallmark_2020__Allograft Rejection,0.5846861652506763,2.210825519261289,0.0,0.0,0.0,102/195,19.72%,EGFR;HIF1A;SOCS1;ELF4;GZMB;CD40;LYN;IL6;NCK1;CSK;TGFB1;IL7;CCL13;NOS2;IL1B;PRF1;CD7;KRT1;HLA-G;EIF5A;IL2RA;ICAM1;PTPN6;BCAT1;IL18;PF4;CCL11;LIF;IFNGR1;IL18RAP;TAP2;HLA-DOB;IL11;HCLS1;FGR;ACHE;ABI1;CD79A;IL12A;NCR1;RPS19;RPL3L;CCL7;TLR2;EREG;EIF3D;MRPL3;IFNG;IL4R;GZMA;MAP4K1;TAP1;IL15;CCL4;C2;ZAP70;PRKCB;NCF4;SRGN;CFP;LTB;CXCL13;LCK;BCL3;PRKCG;IRF4;CCND2;UBE2D1;HLA-A;CCL2;HLA-E;CD247;IL12RB1;CD80;FAS;IL2RG;IFNAR2;FLNA;CTSS;RPS9;CD96;BCL10;CD3D;KLRD1;IL2RB;SPI1;SIT1;PSMB10;CD8B;STAT4;CCL5;ITGB2;UBE2N;CD3E;MMP9;CD86;BRCA1;CD8A;CD3G;WAS;ITK;TAPBP
prerank,MSigDB_Hallmark_2020__Myc Targets V1,0.5685886156254107,2.126970556753181,0.0,0.0,0.0,118/194,21.90%,ODC1;MCM5;PGK1;PSMD7;RANBP1;CNBP;RAN;CTPS1;SNRPG;CDC45;LSM7;TRA2B;EIF2S2;MCM2;RFC4;XRCC6;CDK4;PSMA7;SNRPA1;UBA2;MCM7;SRSF2;STARD7;EXOSC7;PCBP1;CCT5;PHB2;DEK;PSMD14;DDX18;HPRT1;LDHA;PSMC4;NCBP2;PPM1G;FBL;PSMB2;CCT4;EIF4A1;CDC20;UBE2L3;EIF3D;CDK2;CSTF2;XPOT;CCNA2;NOP56;DDX21;CCT7;YWHAQ;SNRPD2;MYC;EIF4H;IFRD1;POLD2;CYC1;EIF3B;SRSF7;PSMA4;RPS5;CAD;SF3B3;TYMS;MAD2L1;COX5A;EIF4G2;TFDP1;XPO1;AIMP2;HDDC2;POLE3;PSMD8;PSMB3;SNRPD1;RPLP0;SNRPA;TRIM28;PCNA;PABPC4;HNRNPA3;PSMC6;VBP1;RRP9;U2AF1;PRPF31;PRDX4;PRPS2;HDAC2;RUVBL2;SRM;PA2G4;SF3A1;ACP1;PPIA;DUT;NOP16;TCP1;PSMA6;HSPE1;SRPK1;KPNA2;SERBP1;PWP1;RPS10;RPS3;SLC25A3;CUL1;SNRPD3;MRPL23;SRSF3;RPL18;LSM2;MCM6;PTGES3;HDGF;GOT2;PSMA1;C1QBP
prerank,MSigDB_Hallmark_2020__Myc Targets V2,0.6727293426460123,2.1262589412975856,0.0,0.0,0.0,38/58,19.04%,MCM5;NIP7;PES1;CDK4;PUS1;WDR43;NOP2;DDX18;WDR74;TBRG4;IMP4;PLK1;HK2;DUSP2;PPAN;MAP3K6;NOP56;MYC;MRTO4;PRMT3;NOC4L;AIMP2;BYSL;RRP9;TCOF1;FARSA;MYBBP1A;UNG;PPRC1;SRM;PA2G4;NOP16;HSPE1;EXOSC5;TMEM97;NDUFAF4;PLK4;GRWD1
prerank,MSigDB_Hallmark_2020__IL-6/JAK/STAT3 Signaling,0.608680967566563,2.07892491758624,0.0,0.0,0.0,40/87,13.19%,CXCL1;CXCL3;IL1R2;SOCS1;CSF2;TNFRSF21;CD38;PIM1;INHBE;LTBR;PTPN2;IL6;CD9;SOCS3;TGFB1;BAK1;IL7;OSMR;IL1B;IL10RB;IL15RA;TNFRSF1A;IL2RA;PF4;REG1A;IFNGR1;IL18R1;CCL7;CD44;TLR2;IL4R;CRLF2;LTB;CXCL13;IL17RA;IL1R1;MAP3K8;IL12RB1;FAS;IL2RG
prerank,MSigDB_Hallmark_2020__p53 Pathway,0.5454842460510014,2.0235194728264747,0.0,0.0,0.0,87/193,13.17%,SFN;UPP1;IL1A;EPHA2;GPX2;TP63;TGFA;NDRG1;BMP2;SOCS1;DGKA;PERP;RAP2B;TNFSF9;HBEGF;SAT1;KRT17;CLCA2;RHBDF2;LDHB;SDC1;RNF19B;RRAD;GM2A;MXD1;TGFB1;ADA;SERPINB5;SLC7A11;BAK1;TNNI1;ITGB4;BAX;GADD45A;S100A10;HRAS;ABCC5;CDKN1A;TCHH;FDXR;OSGIN1;DDIT4;CDK5R1;POM121;CASP1;KLF4;JAG2;NUDT15;HSPA4L;LIF;DDB2;PPP1R15A;DDIT3;TCN2;TM7SF3;SLC3A2;CD82;ST14;WRAP73;PMM1;IRAK1;FAM162A;PHLDA3;DEF6;NHLH2;NOTCH1;BLCAP;PROCR;GLS2;CCNK;PDGFA;TAX1BP3;BTG1;CEBPA;SEC61A1;TAP1;IFI30;DRAM1;ATF3;AEN;TM4SF1;CCND2;ABHD4;PCNA;PLXNB2;PRKAB1;FAS
prerank,MSigDB_Hallmark_2020__Hypoxia,0.5358455745334083,1.982667452410738,0.0,0.0,0.0,79/191,11.97%,ADM;ADORA2B;NDRG1;ENO1;EGFR;PKP1;PLAC8;PFKP;TPI1;CHST2;SLC2A1;ALDOC;GPC1;PGK1;PIM1;NFIL3;F3;PDK1;EXT1;IL6;ACKR3;TNFAIP3;CSRP2;VEGFA;ENO2;SERPINE1;PRKCA;PRDX5;FOSL2;ANXA2;PGF;GAPDH;XPNPEP1;TGM2;CDKN1A;GPI;WSB1;HS3ST1;DDIT4;MAFF;PGM2;PLAUR;RRAGD;SLC2A3;PPP1R15A;DDIT3;IGFBP3;KLHL24;MIF;GYS1;GPC3;TPST2;FAM162A;P4HA1;SLC6A6;TES;LDHA;PPFIA4;SLC25A1;CP;BTG1;GCK;CHST3;HK2;SLC2A5;TIPARP;JMJD6;KDM3A;P4HA2;TGFBI;AMPD3;GALK1;ATF3;PFKL;ANGPTL4;RORA;TMEM45A;ZFP36;TKTL1
prerank,MSigDB_Hallmark_2020__Interferon Gamma Response,0.5168373554137623,1.9330411815879585,0.0,0.0,0.0,89/198,19.16%,UPP1;GBP6;PTGS2;HIF1A;XCL1;SOCS1;PFKP;CD38;PELI1;CD40;PIM1;PTPN2;NAMPT;IL6;SOCS3;METTL7B;CD274;TNFAIP3;IL7;PLA2G4A;IRF5;IDO1;CDKN1A;IL15RA;HLA-G;PLSCR1;BANK1;NUP93;ICAM1;PTPN6;CASP1;CASP4;PML;SOD2;PNPT1;ITGB7;SLAMF7;NFKBIA;CCL7;TNFAIP2;ARL4A;PSMB2;FPR1;BTG1;PNP;IL18BP;IL4R;GZMA;TAP1;IL15;IFI30;PSMB9;SLC25A28;RBCK1;LYSMD2;BPGM;IRF4;HLA-A;CCL2;PSMA3;ISG20;FAS;IFNAR2;C1R;GCH1;CFH;NOD1;STAT2;IRF1;NMI;PTPN1;IL2RB;NLRC5;LGALS3BP;PSMB10;NCOA3;STAT4;CASP3;CCL5;BATF2;PARP12;TNFSF10;CSF2RB;KLRK1;ZBP1;CD86;SPPL2A;MTHFD2;CD69
prerank,MSigDB_Hallmark_2020__Reactive Oxygen Species Pathway,0.6263916393405785,1.9019628529954,0.0,0.0,0.0,26/47,16.87%,ABCC1;PFKP;PRNP;FTL;GCLC;G6PD;TXNRD1;GCLM;PDLIM1;SOD2;MBP;SRXN1;GSR;JUNB;TXN;STK25;CDKN2D;NDUFA6;SBNO2;PRDX1;MPO;IPCEF1;PRDX4;GPX3;PRDX6;FES
prerank,MSigDB_Hallmark_2020__G2-M Checkpoint,0.5068384853474021,1.8879040102024636,0.0,0.00010026469880484479,0.001,102/190,19.20%,E2F4;ODC1;HIF1A;HMGA1;MCM5;CDC25B;LBR;TGFB1;MEIS1;SMAD3;SLC7A5;UBE2S;CDC45;TRA2B;MCM2;CDK4;ORC6;AMD1;PTTG1;PML;DDX39A;MEIS2;SRSF2;AURKB;INCENP;TROAP;SMC4;CCNB2;SLC7A1;RAD54L;MYBL2;BIRC5;POLQ;TACC3;DKC1;CENPA;FOXN3;EWSR1;CDC20;PLK1;HUS1;KATNA1;CHEK1;CCNA2;BUB1;HMGB3;DTYMK;DBF4;MYC;HIRA;POLA2;CDC6;NUP50;UBE2C;AURKA;TTK;TMPO;CDC25A;CDK1;CDKN3;KIF2C;CHAF1A;BCL3;MAD2L1;CHMP1A;TFDP1;XPO1;RACGAP1;PRIM2;TPX2;CKS1B;ESPL1;KIF23;SNRPD1;MARCKS;E2F1;SQLE;PRC1;DR1;CDC7;ATF5;SUV39H1;FBXO5;NUSAP1;ILF3;CKS2;NDC80;E2F2;RBL1;STMN1;EZH2;HMMR;KPNA2;EXO1;RBM14;NASP;KIF4A;MKI67;MAPK14;PLK4;CUL1;TOP2A
prerank,MSigDB_Hallmark_2020__IL-2/STAT5 Signaling,0.49181925078427474,1.825014746758987,0.0,9.310293460449874e-05,0.001,84/195,13.26%,NDRG1;ODC1;BMP2;IL1R2;SOCS1;CSF2;TNFRSF21;SCN9A;PRNP;PIM1;NFIL3;HOPX;GSTO1;MXD1;AGER;ITGA6;GABARAPL1;DHRS3;AHR;TGM2;PLSCR1;COCH;ANXA4;ITGAE;IL2RA;PTCH1;PHLDA1;MAFF;FURIN;ETV4;CCNE1;CDCP1;RRAGD;LIF;NCS1;LCLAT1;IFNGR1;SLC2A3;PUS1;IL18R1;IGF2R;SLC1A5;DRC1;NOP2;TNFRSF9;P4HA1;RNH1;IL1RL1;CKAP4;BATF3;ARL4A;CD44;PDCD2L;CTLA4;TNFRSF18;PENK;UMPS;HK2;PNP;PRKCH;IL4R;WLS;SPP1;MYC;CDC6;SOCS2;LTB;AHCY;DCPS;RORA;ICOS;SYNGR2;IRF4;CCND2;CAPN3;IRF6;PLAGL1;NFKBIZ;CD83;TTC39B;MAP3K8;CST7;ADAM19;PLEC
prerank,MSigDB_Hallmark_2020__Glycolysis,0.4882655827405675,1.81566068825204,0.0,8.689607229753215e-05,0.001,86/198,15.19%,MET;GPR87;TGFA;ADORA2B;ENO1;EGFR;SLC16A3;PGAM1;PFKP;TPI1;CHST2;GPC1;TPST1;PGK1;SDC1;PKM;EXT1;HS6ST2;B4GALT4;ME1;GCLC;MERTK;VEGFA;LHX9;G6PD;ENO2;CHST6;HOMER1;DDIT4;PGM2;ARTN;RRAGD;IGFBP3;NSDHL;MIF;GYS1;GPC3;FAM162A;B3GNT3;DSC2;P4HA1;TALDO1;LDHA;PPFIA4;PSMC4;SPAG4;GAL3ST1;CD44;CENPA;CHST12;CHST4;TXN;PLOD2;EGLN3;HK2;ABCB6;IDH1;MDH1;ME2;AGRN;EXT2;SLC25A13;NANP;P4HA2;TGFBI;GALK1;PRPS1;XYLT2;AURKA;CDK1;RBCK1;ANGPTL4;FBP2;MDH2;TKTL1;GOT1;DEPDC1;ISG20;PLOD1;CAPN5;VLDLR;DPYSL4;B4GALT2;CLN6;PPIA;CHPF2
prerank,MSigDB_Hallmark_2020__UV Response Up,0.48795291110947436,1.769265602355205,0.0,0.00032586027111574555,0.004,75/154,17.01%,BTG3;BMP2;TFRC;BID;MAOA;LYN;TUBA4A;RRAD;IL6;CXCL2;SLC6A8;CTSV;BAK1;ENO2;TYRO3;TCHH;AQP3;ICAM1;RFC4;IGFBP2;POLR2H;FURIN;CCNE1;AMD1;HTR7;SOD2;RPN1;GGH;ASNS;ONECUT1;CHRNA5;PDAP1;ATP6V1F;NFKBIA;CYB5B;JUNB;LHX2;BTG1;CEBPG;CLTB;MGAT1;NKX2-5;CLCN2;PSMC3;CDK2;STK25;PPP1R2;DNAJB1;AGO2;TST;DDX21;TAP1;GLS;ATF3;YKT6;ALAS1;POLE3;KCNH2;EIF5;STIP1;FEN1;CDC34;GCH1;AP2S1;ARRB2;CCK;IRF1;NPTX2;GPX3;CREG1;PPIF;HMOX1;GAL;RAB27A;CASP3
prerank,MSigDB_Hallmark_2020__Complement,0.4635349434763572,1.7371411552681162,0.0,0.0003066920198736429,0.004,82/200,15.96%,CXCL1;PCSK9;CTSC;MMP12;S100A12;DGKG;S100A9;SERPINB2;GZMB;PIM1;LYN;HNF4A;F3;IL6;CTSV;SRC;ME1;CASP5;TNFAIP3;CASP10;FDX1;SERPINE1;PLA2G4A;XPNPEP1;CTSB;PLSCR1;CDK5R1;HPCAL4;MAFF;CASP1;PLAUR;CASP4;C9;PRSS3;MT3;ADAM9;CR1;APOBEC3F;APOBEC3G;KYNU;PREP;CP;MMP8;CTSH;SPOCK2;L3MBTL4;SIRT6;FCN1;PFN1;GZMA;CR2;RCE1;PSMB9;PLG;C2;RHOG;ADRA2B;DGKH;LCK;PIK3CA;F5;LTA4H;MSRB1;CDA;PLA2G7;KLK1;LGALS3;SERPINA1;GP9;C1R;USP15;C1QA;CFH;CTSS;CASP9;CBLB;IRF1;C1QC;LGMN;CEBPB;GNGT2;CALM1
prerank,MSigDB_Hallmark_2020__Estrogen Response Late,-0.4354687697790924,-1.6977512878637342,0.0,0.0025890637945318973,0.01,59/197,8.36%,PRLR;MAPT;RABEP1;SERPINA5;PTGER3;NPY1R;PDZK1;XBP1;ANXA9;PDCD4;DNAJC12;TFF1;PGR;PRKAR2B;IL17RB;SCUBE2;RET;SLC22A5;IL6ST;DNAJC1;TOB1;MYB;SERPINA3;CHST8;COX6C;TJP3;ELOVL5;FLNB;HMGCS2;SLC29A1;CXCL12;BCL2;ACOX2;CISH;CHPT1;TFF3;TMPRSS3;FARP1;TSPAN13;ARL3;WFS1;SLC24A3;NRIP1;ID2;DHRS2;AMFR;OVOL2;MOCS2;FKBP4;FAM102A;PRSS23;CA12;ITPK1;BATF;AGR2;CCND1;AFF1;JAK1;SCARB1
prerank,MSigDB_Hallmark_2020__KRAS Signaling Up,0.44304541588534696,1.6759278531225357,0.0,0.0007965473293940447,0.011,83/196,18.43%,MPZL2;HKDC1;CCL20;WNT7A;GABRA3;PTGS2;BMP2;CSF2;MALL;ADAM17;HBEGF;HOXD11;SLPI;GPNMB;F2RL1;TNFAIP3;PRDM1;TNNT2;ZNF639;IL1B;ETV5;MMP10;TFPI;PRKG2;ITGA2;DCBLD2;JUP;ANXA10;PLAUR;KLF4;ETV4;TSPAN7;RETN;NR0B2;LIF;USH1C;PPBP;PPP1R15A;IGFBP3;GALNT3;IL7R;SPRY2;EPHB2;PLAU;YRDC;AMMECR1;HSD11B1;NAP1L2;IL1RL2;ARG1;EREG;SPP1;MAP4K1;PIGR;TMEM158;IL33;PLEK2;ETV1;PTPRR;NGF;ANGPTL4;BPGM;CCND2;ADAMDEC1;TLR8;IL2RG;ADAM8;CFH;CTSS;NR1H4;PDCD1LG2;WDR33;SCG3;PCSK1N;CLEC4A;SNAP25;ITGB2;TRAF1;DUSP6;MMD;BIRC3;MMP9;TRIB2
prerank,MSigDB_Hallmark_2020__Cholesterol Homeostasis,0.5061939202235598,1.6721374455366902,0.0,0.0008918281104220405,0.013,36/73,16.67%,STARD4;FABP5;GNAI1;ALDOC;JAG1;NFIL3;CD9;SREBF2;LDLR;MVD;HMGCS1;ACAT2;S100A11;PLSCR1;EBP;PLAUR;SC5D;NSDHL;FDPS;MVK;DHCR7;ATF3;HMGCR;FDFT1;LGALS3;ACSS2;SQLE;ATF5;CYP51A1;LGMN;GSTM2;LSS;CXCL16;PCYT2;TMEM97;ECH1
prerank,MSigDB_Hallmark_2020__PI3K/AKT/mTOR  Signaling,0.47610965268325145,1.6377840108096628,0.0017123287671232876,0.0016293013555787278,0.025,46/104,15.89%,SFN;EGFR;GNGT1;SLC2A1;RPS6KA3;AP2M1;ACTR3;PDK1;NCK1;MKNK1;NFKBIB;HRAS;CDKN1A;TNFRSF1A;CDK4;DDIT3;RIT1;ATF1;CALR;FGF17;RALB;RPS6KA1;CDK2;PFN1;ECSIT;PPP1CA;PRKCB;MAP2K3;LCK;CDK1;NGF;PIN1;MAPK1;ARHGDIA;ACTR2;DAPP1;MAPK10;IL2RG;E2F1;HSP90B1;PLCB1;NOD1;STAT2;ARPC3;IRAK4;CFL1
prerank,MSigDB_Hallmark_2020__Xenobiotic Metabolism,0.43146783804518457,1.6164914992723483,0.0,0.002110333184368638,0.034,87/198,17.63%,CYP2C18;CYP2S1;ALDH3A1;ADH7;UPP1;EPHA2;ETS2;AKR1C2;TPST1;MAOA;CBR1;ATP2A2;HNF4A;CES1;POR;NPC1;GSTO1;ARG2;HRG;PGD;GCLC;AQP9;ADH5;FMO3;F11;AKR1C3;SERPINE1;GABARAPL1;SHMT2;FETUB;SMOX;TNFRSF1A;COMT;JUP;BCAT1;TDO2;GAD1;DDT;REG1A;PPARD;SLC1A5;PMM1;BCAR1;GSR;SLC6A6;SLC22A1;HPRT1;HSD11B1;KYNU;PTGDS;DDC;ARG1;NMT1;PROS1;IDH1;PTS;PLG;GSS;AHCY;ABCC3;ADH1C;ACO2;CDA;ALAS1;IL1R1;ABHD6;LCAT;FAS;GCH1;ATOH8;PTGR1;LONP1;GCKR;ACP1;SLC12A4;ABCC2;FBLN1;HMOX1;SLC35B1;TMEM97;ECH1;PSMB10;XDH;CYP1A2;GSTA3;VNN1;CCL25
prerank,MSigDB_Hallmark_2020__Wnt-beta Catenin Signaling,0.5426165088319101,1.6064929553223117,0.005434782608695652,0.002488387524883875,0.042,18/42,12.02%,GNAI1;ADAM17;JAG1;HEY1;SKP2;DLL1;DKK1;DVL2;PTCH1;JAG2;PPARD;NOTCH1;CSNK1E;WNT5B;MYC;KAT2A;DKK4;CCND2
prerank,MSigDB_Hallmark_2020__Adipogenesis,-0.4065621220672352,-1.5805173287714225,0.0,0.00811239988953328,0.046,57/192,9.79%,ADIPOQ;PTGER3;CCNG2;PDCD4;REEP5;ADCY6;TOB1;REEP6;SORBS1;RETSAT;CIDEA;MRAP;QDPR;RTN3;FZD4;COL15A1;SCP2;FAH;EPHX2;LIPE;PHYH;SLC27A1;SLC5A6;OMD;CRAT;ITSN1;NDUFA5;HADH;STAT5A;PHLDB1;ELMOD3;NKIRAS1;GPAM;FABP4;LAMA4;MGST3;AIFM1;SSPN;DHRS7;PRDX3;LEP;DNAJC15;DECR1;ACAA2;JAGN1;ACADM;CD151;UQCRQ;CMBL;CPT2;SCARB1;DHRS7B;ITIH5;ITGA7;LTC4S;CD36;LPL
prerank,MSigDB_Hallmark_2020__Apical Junction,0.41054150138518597,1.5391025449971438,0.0,0.006630548125311693,0.112,58/194,13.33%,MPZL2;LAMB3;FSCN1;ICAM5;EGFR;ICAM4;ARPC2;LAMC2;CLDN18;GNAI1;DSC3;ADAM23;IKBKG;CNN2;SRC;CD274;MVD;ITGB4;SYK;LAMA3;CDH3;HRAS;SLC30A3;ITGA3;RHOF;MAP4K2;LAYN;MSN;ITGA2;PARD6G;JUP;ICAM1;DLG1;SKAP2;CDH8;COL17A1;ADAM9;RAC2;KRT31;CD209;MAPK13;CDH15;BMP1;PFN1;SHROOM2;CDK8;CX3CL1;NRTN;TGFBI;CLDN5;CD99;ACTN4;DMP1;ACTB;KCNH2;MAPK11;TUBG1;DHX16
prerank,MSigDB_Hallmark_2020__KRAS Signaling Dn,0.4101944739073721,1.5273067867655596,0.0031545741324921135,0.007603406326034063,0.129,62/194,13.13%,KRT13;SCGB1A1;CLDN16;SGK1;AKR1B10;SPRR3;PLAG1;UPK3B;TGM1;PKP1;DLK2;CHST2;KRT4;SERPINB2;KRT5;DCC;NOS1;EDAR;FGFR3;RYR1;LGALS7;WNT16;ALOX12B;GPR3;SLC6A14;SNCB;CDH16;TG;MEFV;SLC30A3;PRODH;KRT1;IGFBP2;CCNA1;NPY4R;GDNF;ATP4A;NUDT11;TEX15;KRT15;P2RX6;PDCD1;SMPX;ABCG4;CALCB;NGB;TENM2;RYR2;IRS4;NTF3;IFNG;SLC6A3;EDN1;CPA2;TNNI3;SLC5A5;SSTR4;NR6A1;ENTPD7;GTF3C5;CHRNG;CD80
prerank,MSigDB_Hallmark_2020__UV Response Dn,-0.4006284297534308,-1.5142566248807452,0.0026954177897574125,0.011521333885666942,0.086,61/139,14.29%,PRKAR2B;APBB2;ICA1;CAP2;MMP16;INPP4B;AMPH;ERBB2;DDAH1;AGGF1;NOTCH2;SYNJ2;PMP22;SFMBT1;ARHGEF9;ATRX;ZMIZ1;RBPMS;CDON;RUNX1;PDLIM5;BCKDHB;SMAD7;DYRK1A;YTHDC1;COL1A2;CITED2;KCNMA1;GCNT1;PTEN;PDGFRB;PHF3;MIOS;FBLN5;SDC2;CDKN1B;COL5A2;NFIB;CDC42BPA;SCAF8;COL1A1;SPOP;MGMT;RGS4;PTPRM;SYNE1;BMPR1A;COL11A1;TGFBR3;DLC1;BHLHE40;VAV2;KALRN;IRS1;NRP1;DAB2;CACNA1A;ITGB3;COL3A1;MAGI2;IGFBP5
prerank,MSigDB_Hallmark_2020__DNA Repair,0.4167259582908628,1.508306287155061,0.0031446540880503146,0.009019812304483838,0.157,56/148,15.39%,ADA;POLD1;ADRM1;POLR2F;TARBP2;RFC4;POM121;GTF2H3;POLR2H;ALYREF;POLR2C;DDB2;SNAPC5;NT5C;DGUOK;HCLS1;VPS37B;HPRT1;USP11;NCBP2;TAF1C;POLE4;UPF3B;POLR2D;RAD51;ERCC3;RBX1;POLR2E;UMPS;PNP;SSRP1;GTF2A2;SEC61A1;POLR1D;RFC5;POLA2;RFC2;POLR2J;BOLA2;BCAP31;TYMS;POLR1C;CDA;SUPT5H;NELFE;APRT;GTF3C5;PCNA;ZNRD1;FEN1;MRPL40;AAAS;CLP1;ITPA;DUT;GUK1
prerank,MSigDB_Hallmark_2020__Apoptosis,0.41012664810193217,1.4976935650155023,0.0015873015873015873,0.009525146386460254,0.169,69/159,19.42%,IL1A;GNA15;BTG3;BMP2;FEZ1;BID;ANXA1;CD38;SAT1;CDC25B;IL6;BAX;ENO2;GADD45A;IL1B;PRF1;CDKN1A;FDXR;EBP;CASP1;IL18;CASP4;CCNA1;SC5D;HSPB1;SOD2;TSPO;PMAIP1;IFNGR1;DDIT3;VDAC2;IGF2R;BCL2L10;GSR;PPP3R1;AIFM3;CD44;EREG;CDK2;PAK1;TAP1;PPP2R5B;NEDD9;ATF3;BCAP31;GPX1;CCND2;ISG20;LGALS3;FAS;GCH1;CASP9;DIABLO;CAV1;IRF1;DFFA;GPX3;BCL10;CFLAR;HMOX1;RELA;CASP3;TNFSF10;BIRC3;BRCA1;CD69;TOP2A;EMP1;CD14
prerank,MSigDB_Hallmark_2020__Coagulation,0.4021908841393618,1.431927402226738,0.0,0.01940678947978218,0.327,51/138,14.58%,P2RY1;GDA;CTSE;SERPINB2;ANXA1;HNF4A;F3;MMP1;FGG;FGA;CD9;CTSV;HRG;F11;SERPINE1;MMP10;CTSB;ITGA2;THBD;MAFF;PF4;FURIN;C9;ADAM9;CPB2;MEP1A;PLAU;USP11;PREP;MMP8;CTSH;C8B;BMP1;DUSP14;C8A;PROS1;PLG;C2;CFI;LTA4H;SH2B2;SERPINA1;GP9;SIRT2;C1R;CAPN5;C1QA;CFH;PROC;CASP9;CPN1
prerank,MSigDB_Hallmark_2020__Bile Acid Metabolism,-0.3814899723801001,-1.3904974194389954,0.025974025974025976,0.03707539353769677,0.303,50/112,20.05%,AR;PEX11A;DIO1;ABCD3;RETSAT;SLC29A1;ALDH9A1;ISOC1;LONP2;GNMT;SCP2;EPHX2;LIPE;NUDT12;PHYH;SERPINA6;PEX19;PEX7;HSD3B7;SLC23A1;GSTK1;GNPAT;HSD17B4;BCAR3;ABCA2;SOAT2;EFHC1;PEX12;PECR;AKR1D1;ABCA9;PEX11G;HACL1;PEX1;SOD1;PEX6;CYP7A1;CYP8B1;ABCA3;HAO1;ABCA6;ABCA8;NR3C2;DIO2;IDH2;NEDD4;AGXT;CYP27A1;HSD3B1;CYP46A1
prerank,MSigDB_Hallmark_2020__Pperoxisome,-0.38166886632423636,-1.3846794056658036,0.030226700251889168,0.032535901684617514,0.318,30/104,8.45%,PEX11A;DIO1;ABCD3;ABCC8;ELOVL5;RETSAT;CRABP2;ALDH9A1;ABCB4;ISOC1;LONP2;PEX11B;SCP2;HAO2;EPHX2;SERPINA6;ALB;CRAT;ECI2;HSD3B7;ACAA1;SEMA3C;GSTK1;CDK7;GNPAT;HSD17B4;SMARCC1;ABCB1;STS;CRABP1
prerank,MSigDB_Hallmark_2020__heme Metabolism,0.36799120523450074,1.3643646845534803,0.015432098765432098,0.037334276776403996,0.528,57/194,13.66%,CTSE;MFHAS1;TFRC;ICAM4;CPOX;SLC2A1;TMCC2;SLC10A3;SNCA;HTATIP2;SLC6A8;GCLC;SLC7A11;RIOK3;CTSB;GCLM;UBAC1;SMOX;DCUN1D1;NARF;AQP3;BACH1;HMBS;RBM38;KLF3;RAD23A;SLC30A10;MARK3;ASNS;FBXO34;ELL2;ABCB6;NFE2L1;PPP2R5B;YPEL5;ADD2;P4HA2;ACP5;DMTN;TRIM10;HBQ1;SEC14L1;MAP2K3;GMPS;SPTB;BPGM;IGSF3;PSMD9;ALDH1L1;HBB;ALAS2;XK;CA1;USP15;CROCCP2;HBD;NNT
prerank,MSigDB_Hallmark_2020__Protein Secretion,-0.37854293638480824,-1.346881686719585,0.0391644908616188,0.03987158243579122,0.406,39/95,16.11%,ICA1;GOLGA4;SEC22B;COG2;ARFIP1;VPS45;ARFGEF2;ATP6V1B1;RAB5A;AP2B1;RAB2A;TPD52;NAPA;AP3B1;SEC31A;ARFGEF1;CLCN3;KRT18;SSPN;CLTC;MON2;TOM1L1;ATP6V1H;YIPF6;SEC24D;OCRL;ARF1;SCAMP1;STX7;ATP7A;SNX2;SOD1;COPB1;GALC;GNAS;TSG101;RER1;USO1;PPT1
prerank,MSigDB_Hallmark_2020__Hedgehog Signaling,0.46846843270590866,1.3378370204838224,0.08228980322003578,0.045845169177663514,0.61,15/36,13.96%,ETS2;SHH;HEY1;CDK6;VEGFA;CDK5R1;PTCH1;PML;NRCAM;GLI1;ACHE;PLG;CRMP1;ADGRG1;VLDLR
prerank,MSigDB_Hallmark_2020__Myogenesis,-0.3370628815531686,-1.3041824142774137,0.024242424242424242,0.05152236951118475,0.535,57/198,12.20%,SPDEF;CACNG1;MB;ERBB3;SH3BGR;APOD;SORBS1;APLNR;ACTA1;STC2;CASQ1;REEP1;COL15A1;OCEL1;PSEN2;CAMK2B;CLU;SPTAN1;CRAT;SGCD;PPP1R3C;PDE4DIP;FOXO4;MYL7;ATP6AP1;MRAS;SPARC;SSPN;MYOM1;AEBP1;MYH4;ADAM12;MEF2D;CKMT2;MEF2C;CACNA1H;MYO1C;HRC;MYOG;TAGLN;AGL;MYH8;ITGA7;IGF1;CASQ2;CD36;COL6A3;COL1A1;MYH1;TSC2;COX6A2;COL6A2;DTNA;ADCY9;LDB3;COX7A1;BHLHE40
prerank,MSigDB_Hallmark_2020__Unfolded Protein Response,0.3657196150424875,1.2689938901112532,0.06896551724137931,0.08202989224887035,0.818,49/107,19.84%,PSAT1;CHAC1;NABP1;EIF4G1;VEGFA;PDIA6;SLC7A5;DDIT4;EIF4A2;PDIA5;KHSRP;ASNS;HYOU1;GEMIN4;EIF4EBP1;EXOSC2;CALR;BAG3;DKC1;EIF4A1;CEBPG;XPOT;NOP56;ATF3;ATF4;YWHAZ;LSM4;CKS1B;CXXC1;CCL2;HSP90B1;SRPRB;RRP9;ZBTB17;EXOSC4;ATP6V0D1;IMP3;PREB;CEBPB;EDC4;EXOSC5;BANF1;GOSR2;SHC1;PAIP1;EIF4A3;MTHFD2;HSPA5;YIF1A
prerank,MSigDB_Hallmark_2020__Angiogenesis,0.43411037655619233,1.264918319591492,0.11317254174397032,0.08232702075414577,0.829,11/36,9.07%,CXCL6;TNFRSF21;JAG1;VEGFA;APOH;THBD;JAG2;PF4;PGLYRP1;PDGFA;SPP1
prerank,MSigDB_Hallmark_2020__Notch Signaling,0.45359909107145546,1.2590829494434654,0.1497326203208556,0.08390901981230448,0.848,12/32,10.89%,FZD5;JAG1;DTX2;DLL1;WNT5A;PRKCA;PPARD;NOTCH1;DTX4;RBX1;NOTCH3;KAT2A
prerank,MSigDB_Hallmark_2020__TGF-beta Signaling,0.3905141540841492,1.2303564153636946,0.14871794871794872,0.10494675640661041,0.908,14/54,9.20%,ID1;BMP2;SMURF1;TGFB1;SMAD3;SERPINE1;FKBP1A;HDAC1;FURIN;PPP1R15A;ID3;JUNB;TGIF1;PPP1CA
prerank,MSigDB_Hallmark_2020__Mitotic Spindle,0.32568483193793085,1.2203695707178688,0.0759493670886076,0.11029411764705882,0.922,62/198,14.60%,FSCN1;MID1;TUBA4A;NCK1;PIF1;ARHGAP27;MID1IP1;CEP72;KATNB1;RHOF;DLG1;WASF1;BCR;CCDC88A;INCENP;BCAR1;GEMIN4;ABI1;DST;SMC4;CCNB2;ECT2;BIRC5;WASF2;PLK1;KATNA1;PLEKHG2;BUB1;SHROOM2;ANLN;CLIP2;NCK2;CLASP1;NEDD9;ATG4B;AURKA;TTK;ACTN4;CDK1;KIF2C;DLGAP5;FGD6;RACGAP1;MAP3K11;ARHGDIA;RAPGEF5;BIN1;TPX2;ESPL1;KIF23;MARCKS;SUN2;ARAP3;CDC42EP2;ARHGAP4;PRC1;FLNA;LLGL1;FBXO5;NUSAP1;NDC80;CDC42EP1
prerank,MSigDB_Hallmark_2020__Fatty Acid Metabolism,-0.3159569237912913,-1.2037949607882417,0.07462686567164178,0.10983383963914203,0.833,39/156,8.15%,XIST;SLC22A5;REEP6;SUCLG2;ELOVL5;HMGCS2;RETSAT;ALDH9A1;CIDEA;PDHB;ETFDH;AQP7;NBN;BMPR1B;ALAD;ACOT2;SERINC1;HAO2;FASN;RAP1GDS1;CRAT;MCEE;HADH;ECI2;AUH;GPD1;ACAA1;BCKDHB;FH;HSDL2;BPHL;CYP4A11;HSD17B4;DECR1;ACAA2;ACADM;CYP4A22;HADHB;CPT2
prerank,MSigDB_Hallmark_2020__Apical Surface,0.389971083789624,1.163717596643235,0.2054794520547945,0.17279904662594966,0.985,17/43,16.64%,PCSK9;RHCG;LYN;MAL;DCBLD2;PLAUR;HSPB1;FLOT2;MDGA1;SHROOM2;CX3CL1;ADAM10;IL2RG;PKHD1;CROCC;IL2RB;LYPD3
prerank,MSigDB_Hallmark_2020__Epithelial Mesenchymal Transition,0.30719526331202984,1.1623388642423533,0.12130637636080871,0.17013526821920982,0.987,49/198,11.09%,CXCL1;CXCL8;CXCL6;LAMC2;COL7A1;SAT1;GPC1;BDNF;SDC1;MMP1;IL6;SLC6A8;PVR;TGFB1;PTHLH;TNFAIP3;VEGFA;LAMA3;DKK1;ENO2;WNT5A;SERPINE1;GADD45A;COLGALT1;TGM2;ITGA2;PRSS2;IGFBP2;PLAUR;MCM7;IGFBP3;SNAI2;MEST;DST;PFN2;PCOLCE2;CD44;BMP1;GJA1;PLOD2;BASP1;SPP1;IL15;LAMA1;SERPINE2;PLOD3;TGFBI;IL32;CRLF1
prerank,MSigDB_Hallmark_2020__Oxidative Phosphorylation,0.3128518543559672,1.154601844174407,0.1376,0.17681002170053264,0.988,69/184,19.15%,LDHB;POR;SLC25A5;FDX1;BAX;TOMM22;POLR2F;SDHD;ETFB;GPI;MRPS22;MRPS12;NDUFB5;MRPL11;CYCS;ATP6V1E1;NDUFS6;CYB5R3;VDAC2;PHB2;ATP6V1F;LDHA;NDUFV1;TIMM50;MFN2;TIMM8B;SLC25A6;ETFA;COX4I1;SLC25A11;COX8A;IDH1;UQCRH;MDH1;CYC1;MTX2;OGDH;IDH3A;SDHA;ATP1B1;OPA1;UQCRC1;NDUFA6;NDUFA9;COX5A;ACO2;MDH2;NDUFS7;ALAS1;UQCR10;COX5B;BCKDHA;NNT;COX7A2L;IDH3B;UQCRFS1;HCCS;SDHB;ECH1;NDUFB8;MRPL34;DLST;COX7A2;NDUFB7;COX7B;SLC25A3;COX6B1;TCIRG1;MTRR
prerank,MSigDB_Hallmark_2020__Spermatogenesis,0.3166114525823151,1.1227448515588385,0.22036727879799667,0.2198013281378629,0.996,46/133,17.29%,CFTR;DCC;NOS1;POMC;GFI1;DMRT1;TLE4;PGS1;RFC4;GAD1;CCNA1;HSPA4L;IL12RB2;TALDO1;NCAPH;CCNB2;MLF1;ARL4A;CSNK2A2;SLC2A5;BUB1;IL13RA2;DBF4;RPL39L;ALOX15;TOPBP1;TNNI3;AURKA;TTK;PSMG1;CDK1;CDKN3;KIF2C;TKTL1;AGFG1;MTNR1A;GPR182;CRISP2;TSSK2;CLPB;GMCL1;NF2;EZH2;SCG3;PCSK1N;DPEP3
prerank,MSigDB_Hallmark_2020__Androgen Response,0.3272671971535468,1.1183439287516284,0.22797927461139897,0.2213844549610973,0.997,19/96,6.20%,SGK1;NDRG1;ABCC4;SAT1;RPS6KA3;CDK6;FADS1;MERTK;HMGCS1;CENPN;ADRM1;PTK2B;SLC38A2;TNFAIP8;CDC14B;XRCC6;HPGD;MAF;GSR
prerank,MSigDB_Hallmark_2020__Pancreas Beta Cells,-0.3212816422887966,-0.9941733647866154,0.4639423076923077,0.45665907207953604,0.999,14/40,17.50%,ABCC8;DCX;SCGN;SPCS1;SRP9;SYT13;PAK3;SRP14;G6PC2;INSM1;NKX6-1;VDR;LMO2;NKX2-2
prerank,MSigDB_Hallmark_2020__Interferon Alpha Response,0.27636801974362873,0.9304834705334425,0.6417910447761194,0.6309958289885297,1.0,21/95,17.28%,LAMP3;IL7;PLSCR1;CASP1;NCOA7;PNPT1;PROCR;IL4R;TAP1;IL15;IFI30;PSMB9;SLC25A28;PSMA3;ISG20;STAT2;IRF1;NMI;LGALS3BP;BATF2;PARP12
